orignal_video_path,fake_video_path,original_label,fake_label,pair_id
faceframes\real\video1.mp4,faceframes\fake\fakevideo1.mp4,1,0,video1
faceframes\real\video10.mp4,faceframes\fake\fakevideo10.mp4,1,0,video10
faceframes\real\video100.mp4,faceframes\fake\fakevideo100.mp4,1,0,video100
faceframes\real\video1000.mp4,faceframes\fake\fakevideo1000.mp4,1,0,video1000
faceframes\real\video101.mp4,faceframes\fake\fakevideo101.mp4,1,0,video101
faceframes\real\video102.mp4,faceframes\fake\fakevideo102.mp4,1,0,video102
faceframes\real\video103.mp4,faceframes\fake\fakevideo103.mp4,1,0,video103
faceframes\real\video104.mp4,faceframes\fake\fakevideo104.mp4,1,0,video104
faceframes\real\video105.mp4,faceframes\fake\fakevideo105.mp4,1,0,video105
faceframes\real\video106.mp4,faceframes\fake\fakevideo106.mp4,1,0,video106
faceframes\real\video107.mp4,faceframes\fake\fakevideo107.mp4,1,0,video107
faceframes\real\video108.mp4,faceframes\fake\fakevideo108.mp4,1,0,video108
faceframes\real\video109.mp4,faceframes\fake\fakevideo109.mp4,1,0,video109
faceframes\real\video11.mp4,faceframes\fake\fakevideo11.mp4,1,0,video11
faceframes\real\video110.mp4,faceframes\fake\fakevideo110.mp4,1,0,video110
faceframes\real\video111.mp4,faceframes\fake\fakevideo111.mp4,1,0,video111
faceframes\real\video112.mp4,faceframes\fake\fakevideo112.mp4,1,0,video112
faceframes\real\video113.mp4,faceframes\fake\fakevideo113.mp4,1,0,video113
faceframes\real\video114.mp4,faceframes\fake\fakevideo114.mp4,1,0,video114
faceframes\real\video115.mp4,faceframes\fake\fakevideo115.mp4,1,0,video115
faceframes\real\video116.mp4,faceframes\fake\fakevideo116.mp4,1,0,video116
faceframes\real\video117.mp4,faceframes\fake\fakevideo117.mp4,1,0,video117
faceframes\real\video118.mp4,faceframes\fake\fakevideo118.mp4,1,0,video118
faceframes\real\video119.mp4,faceframes\fake\fakevideo119.mp4,1,0,video119
faceframes\real\video12.mp4,faceframes\fake\fakevideo12.mp4,1,0,video12
faceframes\real\video120.mp4,faceframes\fake\fakevideo120.mp4,1,0,video120
faceframes\real\video121.mp4,faceframes\fake\fakevideo121.mp4,1,0,video121
faceframes\real\video122.mp4,faceframes\fake\fakevideo122.mp4,1,0,video122
faceframes\real\video123.mp4,faceframes\fake\fakevideo123.mp4,1,0,video123
faceframes\real\video124.mp4,faceframes\fake\fakevideo124.mp4,1,0,video124
faceframes\real\video125.mp4,faceframes\fake\fakevideo125.mp4,1,0,video125
faceframes\real\video126.mp4,faceframes\fake\fakevideo126.mp4,1,0,video126
faceframes\real\video127.mp4,faceframes\fake\fakevideo127.mp4,1,0,video127
faceframes\real\video128.mp4,faceframes\fake\fakevideo128.mp4,1,0,video128
faceframes\real\video129.mp4,faceframes\fake\fakevideo129.mp4,1,0,video129
faceframes\real\video13.mp4,faceframes\fake\fakevideo13.mp4,1,0,video13
faceframes\real\video130.mp4,faceframes\fake\fakevideo130.mp4,1,0,video130
faceframes\real\video131.mp4,faceframes\fake\fakevideo131.mp4,1,0,video131
faceframes\real\video132.mp4,faceframes\fake\fakevideo132.mp4,1,0,video132
faceframes\real\video133.mp4,faceframes\fake\fakevideo133.mp4,1,0,video133
faceframes\real\video134.mp4,faceframes\fake\fakevideo134.mp4,1,0,video134
faceframes\real\video135.mp4,faceframes\fake\fakevideo135.mp4,1,0,video135
faceframes\real\video136.mp4,faceframes\fake\fakevideo136.mp4,1,0,video136
faceframes\real\video137.mp4,faceframes\fake\fakevideo137.mp4,1,0,video137
faceframes\real\video138.mp4,faceframes\fake\fakevideo138.mp4,1,0,video138
faceframes\real\video139.mp4,faceframes\fake\fakevideo139.mp4,1,0,video139
faceframes\real\video14.mp4,faceframes\fake\fakevideo14.mp4,1,0,video14
faceframes\real\video140.mp4,faceframes\fake\fakevideo140.mp4,1,0,video140
faceframes\real\video141.mp4,faceframes\fake\fakevideo141.mp4,1,0,video141
faceframes\real\video142.mp4,faceframes\fake\fakevideo142.mp4,1,0,video142
faceframes\real\video143.mp4,faceframes\fake\fakevideo143.mp4,1,0,video143
faceframes\real\video144.mp4,faceframes\fake\fakevideo144.mp4,1,0,video144
faceframes\real\video145.mp4,faceframes\fake\fakevideo145.mp4,1,0,video145
faceframes\real\video146.mp4,faceframes\fake\fakevideo146.mp4,1,0,video146
faceframes\real\video147.mp4,faceframes\fake\fakevideo147.mp4,1,0,video147
faceframes\real\video148.mp4,faceframes\fake\fakevideo148.mp4,1,0,video148
faceframes\real\video149.mp4,faceframes\fake\fakevideo149.mp4,1,0,video149
faceframes\real\video15.mp4,faceframes\fake\fakevideo15.mp4,1,0,video15
faceframes\real\video150.mp4,faceframes\fake\fakevideo150.mp4,1,0,video150
faceframes\real\video151.mp4,faceframes\fake\fakevideo151.mp4,1,0,video151
faceframes\real\video152.mp4,faceframes\fake\fakevideo152.mp4,1,0,video152
faceframes\real\video153.mp4,faceframes\fake\fakevideo153.mp4,1,0,video153
faceframes\real\video154.mp4,faceframes\fake\fakevideo154.mp4,1,0,video154
faceframes\real\video155.mp4,faceframes\fake\fakevideo155.mp4,1,0,video155
faceframes\real\video156.mp4,faceframes\fake\fakevideo156.mp4,1,0,video156
faceframes\real\video157.mp4,faceframes\fake\fakevideo157.mp4,1,0,video157
faceframes\real\video158.mp4,faceframes\fake\fakevideo158.mp4,1,0,video158
faceframes\real\video159.mp4,faceframes\fake\fakevideo159.mp4,1,0,video159
faceframes\real\video16.mp4,faceframes\fake\fakevideo16.mp4,1,0,video16
faceframes\real\video160.mp4,faceframes\fake\fakevideo160.mp4,1,0,video160
faceframes\real\video161.mp4,faceframes\fake\fakevideo161.mp4,1,0,video161
faceframes\real\video162.mp4,faceframes\fake\fakevideo162.mp4,1,0,video162
faceframes\real\video163.mp4,faceframes\fake\fakevideo163.mp4,1,0,video163
faceframes\real\video164.mp4,faceframes\fake\fakevideo164.mp4,1,0,video164
faceframes\real\video165.mp4,faceframes\fake\fakevideo165.mp4,1,0,video165
faceframes\real\video166.mp4,faceframes\fake\fakevideo166.mp4,1,0,video166
faceframes\real\video167.mp4,faceframes\fake\fakevideo167.mp4,1,0,video167
faceframes\real\video168.mp4,faceframes\fake\fakevideo168.mp4,1,0,video168
faceframes\real\video169.mp4,faceframes\fake\fakevideo169.mp4,1,0,video169
faceframes\real\video17.mp4,faceframes\fake\fakevideo17.mp4,1,0,video17
faceframes\real\video170.mp4,faceframes\fake\fakevideo170.mp4,1,0,video170
faceframes\real\video171.mp4,faceframes\fake\fakevideo171.mp4,1,0,video171
faceframes\real\video172.mp4,faceframes\fake\fakevideo172.mp4,1,0,video172
faceframes\real\video173.mp4,faceframes\fake\fakevideo173.mp4,1,0,video173
faceframes\real\video174.mp4,faceframes\fake\fakevideo174.mp4,1,0,video174
faceframes\real\video175.mp4,faceframes\fake\fakevideo175.mp4,1,0,video175
faceframes\real\video176.mp4,faceframes\fake\fakevideo176.mp4,1,0,video176
faceframes\real\video177.mp4,faceframes\fake\fakevideo177.mp4,1,0,video177
faceframes\real\video178.mp4,faceframes\fake\fakevideo178.mp4,1,0,video178
faceframes\real\video179.mp4,faceframes\fake\fakevideo179.mp4,1,0,video179
faceframes\real\video18.mp4,faceframes\fake\fakevideo18.mp4,1,0,video18
faceframes\real\video180.mp4,faceframes\fake\fakevideo180.mp4,1,0,video180
faceframes\real\video181.mp4,faceframes\fake\fakevideo181.mp4,1,0,video181
faceframes\real\video182.mp4,faceframes\fake\fakevideo182.mp4,1,0,video182
faceframes\real\video183.mp4,faceframes\fake\fakevideo183.mp4,1,0,video183
faceframes\real\video184.mp4,faceframes\fake\fakevideo184.mp4,1,0,video184
faceframes\real\video185.mp4,faceframes\fake\fakevideo185.mp4,1,0,video185
faceframes\real\video186.mp4,faceframes\fake\fakevideo186.mp4,1,0,video186
faceframes\real\video187.mp4,faceframes\fake\fakevideo187.mp4,1,0,video187
faceframes\real\video188.mp4,faceframes\fake\fakevideo188.mp4,1,0,video188
faceframes\real\video189.mp4,faceframes\fake\fakevideo189.mp4,1,0,video189
faceframes\real\video19.mp4,faceframes\fake\fakevideo19.mp4,1,0,video19
faceframes\real\video190.mp4,faceframes\fake\fakevideo190.mp4,1,0,video190
faceframes\real\video191.mp4,faceframes\fake\fakevideo191.mp4,1,0,video191
faceframes\real\video192.mp4,faceframes\fake\fakevideo192.mp4,1,0,video192
faceframes\real\video193.mp4,faceframes\fake\fakevideo193.mp4,1,0,video193
faceframes\real\video194.mp4,faceframes\fake\fakevideo194.mp4,1,0,video194
faceframes\real\video195.mp4,faceframes\fake\fakevideo195.mp4,1,0,video195
faceframes\real\video196.mp4,faceframes\fake\fakevideo196.mp4,1,0,video196
faceframes\real\video197.mp4,faceframes\fake\fakevideo197.mp4,1,0,video197
faceframes\real\video198.mp4,faceframes\fake\fakevideo198.mp4,1,0,video198
faceframes\real\video199.mp4,faceframes\fake\fakevideo199.mp4,1,0,video199
faceframes\real\video2.mp4,faceframes\fake\fakevideo2.mp4,1,0,video2
faceframes\real\video20.mp4,faceframes\fake\fakevideo20.mp4,1,0,video20
faceframes\real\video200.mp4,faceframes\fake\fakevideo200.mp4,1,0,video200
faceframes\real\video201.mp4,faceframes\fake\fakevideo201.mp4,1,0,video201
faceframes\real\video202.mp4,faceframes\fake\fakevideo202.mp4,1,0,video202
faceframes\real\video203.mp4,faceframes\fake\fakevideo203.mp4,1,0,video203
faceframes\real\video204.mp4,faceframes\fake\fakevideo204.mp4,1,0,video204
faceframes\real\video205.mp4,faceframes\fake\fakevideo205.mp4,1,0,video205
faceframes\real\video206.mp4,faceframes\fake\fakevideo206.mp4,1,0,video206
faceframes\real\video207.mp4,faceframes\fake\fakevideo207.mp4,1,0,video207
faceframes\real\video208.mp4,faceframes\fake\fakevideo208.mp4,1,0,video208
faceframes\real\video209.mp4,faceframes\fake\fakevideo209.mp4,1,0,video209
faceframes\real\video21.mp4,faceframes\fake\fakevideo21.mp4,1,0,video21
faceframes\real\video210.mp4,faceframes\fake\fakevideo210.mp4,1,0,video210
faceframes\real\video211.mp4,faceframes\fake\fakevideo211.mp4,1,0,video211
faceframes\real\video212.mp4,faceframes\fake\fakevideo212.mp4,1,0,video212
faceframes\real\video213.mp4,faceframes\fake\fakevideo213.mp4,1,0,video213
faceframes\real\video214.mp4,faceframes\fake\fakevideo214.mp4,1,0,video214
faceframes\real\video215.mp4,faceframes\fake\fakevideo215.mp4,1,0,video215
faceframes\real\video216.mp4,faceframes\fake\fakevideo216.mp4,1,0,video216
faceframes\real\video217.mp4,faceframes\fake\fakevideo217.mp4,1,0,video217
faceframes\real\video218.mp4,faceframes\fake\fakevideo218.mp4,1,0,video218
faceframes\real\video219.mp4,faceframes\fake\fakevideo219.mp4,1,0,video219
faceframes\real\video22.mp4,faceframes\fake\fakevideo22.mp4,1,0,video22
faceframes\real\video220.mp4,faceframes\fake\fakevideo220.mp4,1,0,video220
faceframes\real\video221.mp4,faceframes\fake\fakevideo221.mp4,1,0,video221
faceframes\real\video222.mp4,faceframes\fake\fakevideo222.mp4,1,0,video222
faceframes\real\video223.mp4,faceframes\fake\fakevideo223.mp4,1,0,video223
faceframes\real\video224.mp4,faceframes\fake\fakevideo224.mp4,1,0,video224
faceframes\real\video225.mp4,faceframes\fake\fakevideo225.mp4,1,0,video225
faceframes\real\video226.mp4,faceframes\fake\fakevideo226.mp4,1,0,video226
faceframes\real\video227.mp4,faceframes\fake\fakevideo227.mp4,1,0,video227
faceframes\real\video228.mp4,faceframes\fake\fakevideo228.mp4,1,0,video228
faceframes\real\video229.mp4,faceframes\fake\fakevideo229.mp4,1,0,video229
faceframes\real\video23.mp4,faceframes\fake\fakevideo23.mp4,1,0,video23
faceframes\real\video230.mp4,faceframes\fake\fakevideo230.mp4,1,0,video230
faceframes\real\video231.mp4,faceframes\fake\fakevideo231.mp4,1,0,video231
faceframes\real\video232.mp4,faceframes\fake\fakevideo232.mp4,1,0,video232
faceframes\real\video233.mp4,faceframes\fake\fakevideo233.mp4,1,0,video233
faceframes\real\video234.mp4,faceframes\fake\fakevideo234.mp4,1,0,video234
faceframes\real\video235.mp4,faceframes\fake\fakevideo235.mp4,1,0,video235
faceframes\real\video236.mp4,faceframes\fake\fakevideo236.mp4,1,0,video236
faceframes\real\video237.mp4,faceframes\fake\fakevideo237.mp4,1,0,video237
faceframes\real\video238.mp4,faceframes\fake\fakevideo238.mp4,1,0,video238
faceframes\real\video239.mp4,faceframes\fake\fakevideo239.mp4,1,0,video239
faceframes\real\video24.mp4,faceframes\fake\fakevideo24.mp4,1,0,video24
faceframes\real\video240.mp4,faceframes\fake\fakevideo240.mp4,1,0,video240
faceframes\real\video241.mp4,faceframes\fake\fakevideo241.mp4,1,0,video241
faceframes\real\video242.mp4,faceframes\fake\fakevideo242.mp4,1,0,video242
faceframes\real\video243.mp4,faceframes\fake\fakevideo243.mp4,1,0,video243
faceframes\real\video244.mp4,faceframes\fake\fakevideo244.mp4,1,0,video244
faceframes\real\video245.mp4,faceframes\fake\fakevideo245.mp4,1,0,video245
faceframes\real\video246.mp4,faceframes\fake\fakevideo246.mp4,1,0,video246
faceframes\real\video247.mp4,faceframes\fake\fakevideo247.mp4,1,0,video247
faceframes\real\video248.mp4,faceframes\fake\fakevideo248.mp4,1,0,video248
faceframes\real\video249.mp4,faceframes\fake\fakevideo249.mp4,1,0,video249
faceframes\real\video25.mp4,faceframes\fake\fakevideo25.mp4,1,0,video25
faceframes\real\video250.mp4,faceframes\fake\fakevideo250.mp4,1,0,video250
faceframes\real\video251.mp4,faceframes\fake\fakevideo251.mp4,1,0,video251
faceframes\real\video252.mp4,faceframes\fake\fakevideo252.mp4,1,0,video252
faceframes\real\video253.mp4,faceframes\fake\fakevideo253.mp4,1,0,video253
faceframes\real\video254.mp4,faceframes\fake\fakevideo254.mp4,1,0,video254
faceframes\real\video255.mp4,faceframes\fake\fakevideo255.mp4,1,0,video255
faceframes\real\video256.mp4,faceframes\fake\fakevideo256.mp4,1,0,video256
faceframes\real\video257.mp4,faceframes\fake\fakevideo257.mp4,1,0,video257
faceframes\real\video258.mp4,faceframes\fake\fakevideo258.mp4,1,0,video258
faceframes\real\video259.mp4,faceframes\fake\fakevideo259.mp4,1,0,video259
faceframes\real\video26.mp4,faceframes\fake\fakevideo26.mp4,1,0,video26
faceframes\real\video260.mp4,faceframes\fake\fakevideo260.mp4,1,0,video260
faceframes\real\video261.mp4,faceframes\fake\fakevideo261.mp4,1,0,video261
faceframes\real\video262.mp4,faceframes\fake\fakevideo262.mp4,1,0,video262
faceframes\real\video263.mp4,faceframes\fake\fakevideo263.mp4,1,0,video263
faceframes\real\video264.mp4,faceframes\fake\fakevideo264.mp4,1,0,video264
faceframes\real\video265.mp4,faceframes\fake\fakevideo265.mp4,1,0,video265
faceframes\real\video266.mp4,faceframes\fake\fakevideo266.mp4,1,0,video266
faceframes\real\video267.mp4,faceframes\fake\fakevideo267.mp4,1,0,video267
faceframes\real\video268.mp4,faceframes\fake\fakevideo268.mp4,1,0,video268
faceframes\real\video269.mp4,faceframes\fake\fakevideo269.mp4,1,0,video269
faceframes\real\video27.mp4,faceframes\fake\fakevideo27.mp4,1,0,video27
faceframes\real\video270.mp4,faceframes\fake\fakevideo270.mp4,1,0,video270
faceframes\real\video271.mp4,faceframes\fake\fakevideo271.mp4,1,0,video271
faceframes\real\video272.mp4,faceframes\fake\fakevideo272.mp4,1,0,video272
faceframes\real\video273.mp4,faceframes\fake\fakevideo273.mp4,1,0,video273
faceframes\real\video274.mp4,faceframes\fake\fakevideo274.mp4,1,0,video274
faceframes\real\video275.mp4,faceframes\fake\fakevideo275.mp4,1,0,video275
faceframes\real\video276.mp4,faceframes\fake\fakevideo276.mp4,1,0,video276
faceframes\real\video277.mp4,faceframes\fake\fakevideo277.mp4,1,0,video277
faceframes\real\video278.mp4,faceframes\fake\fakevideo278.mp4,1,0,video278
faceframes\real\video279.mp4,faceframes\fake\fakevideo279.mp4,1,0,video279
faceframes\real\video28.mp4,faceframes\fake\fakevideo28.mp4,1,0,video28
faceframes\real\video280.mp4,faceframes\fake\fakevideo280.mp4,1,0,video280
faceframes\real\video281.mp4,faceframes\fake\fakevideo281.mp4,1,0,video281
faceframes\real\video282.mp4,faceframes\fake\fakevideo282.mp4,1,0,video282
faceframes\real\video283.mp4,faceframes\fake\fakevideo283.mp4,1,0,video283
faceframes\real\video284.mp4,faceframes\fake\fakevideo284.mp4,1,0,video284
faceframes\real\video285.mp4,faceframes\fake\fakevideo285.mp4,1,0,video285
faceframes\real\video286.mp4,faceframes\fake\fakevideo286.mp4,1,0,video286
faceframes\real\video287.mp4,faceframes\fake\fakevideo287.mp4,1,0,video287
faceframes\real\video288.mp4,faceframes\fake\fakevideo288.mp4,1,0,video288
faceframes\real\video289.mp4,faceframes\fake\fakevideo289.mp4,1,0,video289
faceframes\real\video29.mp4,faceframes\fake\fakevideo29.mp4,1,0,video29
faceframes\real\video290.mp4,faceframes\fake\fakevideo290.mp4,1,0,video290
faceframes\real\video291.mp4,faceframes\fake\fakevideo291.mp4,1,0,video291
faceframes\real\video292.mp4,faceframes\fake\fakevideo292.mp4,1,0,video292
faceframes\real\video293.mp4,faceframes\fake\fakevideo293.mp4,1,0,video293
faceframes\real\video294.mp4,faceframes\fake\fakevideo294.mp4,1,0,video294
faceframes\real\video295.mp4,faceframes\fake\fakevideo295.mp4,1,0,video295
faceframes\real\video296.mp4,faceframes\fake\fakevideo296.mp4,1,0,video296
faceframes\real\video297.mp4,faceframes\fake\fakevideo297.mp4,1,0,video297
faceframes\real\video298.mp4,faceframes\fake\fakevideo298.mp4,1,0,video298
faceframes\real\video299.mp4,faceframes\fake\fakevideo299.mp4,1,0,video299
faceframes\real\video3.mp4,faceframes\fake\fakevideo3.mp4,1,0,video3
faceframes\real\video30.mp4,faceframes\fake\fakevideo30.mp4,1,0,video30
faceframes\real\video300.mp4,faceframes\fake\fakevideo300.mp4,1,0,video300
faceframes\real\video301.mp4,faceframes\fake\fakevideo301.mp4,1,0,video301
faceframes\real\video302.mp4,faceframes\fake\fakevideo302.mp4,1,0,video302
faceframes\real\video303.mp4,faceframes\fake\fakevideo303.mp4,1,0,video303
faceframes\real\video304.mp4,faceframes\fake\fakevideo304.mp4,1,0,video304
faceframes\real\video305.mp4,faceframes\fake\fakevideo305.mp4,1,0,video305
faceframes\real\video306.mp4,faceframes\fake\fakevideo306.mp4,1,0,video306
faceframes\real\video307.mp4,faceframes\fake\fakevideo307.mp4,1,0,video307
faceframes\real\video308.mp4,faceframes\fake\fakevideo308.mp4,1,0,video308
faceframes\real\video309.mp4,faceframes\fake\fakevideo309.mp4,1,0,video309
faceframes\real\video31.mp4,faceframes\fake\fakevideo31.mp4,1,0,video31
faceframes\real\video310.mp4,faceframes\fake\fakevideo310.mp4,1,0,video310
faceframes\real\video311.mp4,faceframes\fake\fakevideo311.mp4,1,0,video311
faceframes\real\video312.mp4,faceframes\fake\fakevideo312.mp4,1,0,video312
faceframes\real\video313.mp4,faceframes\fake\fakevideo313.mp4,1,0,video313
faceframes\real\video314.mp4,faceframes\fake\fakevideo314.mp4,1,0,video314
faceframes\real\video315.mp4,faceframes\fake\fakevideo315.mp4,1,0,video315
faceframes\real\video316.mp4,faceframes\fake\fakevideo316.mp4,1,0,video316
faceframes\real\video317.mp4,faceframes\fake\fakevideo317.mp4,1,0,video317
faceframes\real\video318.mp4,faceframes\fake\fakevideo318.mp4,1,0,video318
faceframes\real\video319.mp4,faceframes\fake\fakevideo319.mp4,1,0,video319
faceframes\real\video32.mp4,faceframes\fake\fakevideo32.mp4,1,0,video32
faceframes\real\video320.mp4,faceframes\fake\fakevideo320.mp4,1,0,video320
faceframes\real\video321.mp4,faceframes\fake\fakevideo321.mp4,1,0,video321
faceframes\real\video322.mp4,faceframes\fake\fakevideo322.mp4,1,0,video322
faceframes\real\video323.mp4,faceframes\fake\fakevideo323.mp4,1,0,video323
faceframes\real\video324.mp4,faceframes\fake\fakevideo324.mp4,1,0,video324
faceframes\real\video325.mp4,faceframes\fake\fakevideo325.mp4,1,0,video325
faceframes\real\video326.mp4,faceframes\fake\fakevideo326.mp4,1,0,video326
faceframes\real\video327.mp4,faceframes\fake\fakevideo327.mp4,1,0,video327
faceframes\real\video328.mp4,faceframes\fake\fakevideo328.mp4,1,0,video328
faceframes\real\video329.mp4,faceframes\fake\fakevideo329.mp4,1,0,video329
faceframes\real\video33.mp4,faceframes\fake\fakevideo33.mp4,1,0,video33
faceframes\real\video330.mp4,faceframes\fake\fakevideo330.mp4,1,0,video330
faceframes\real\video331.mp4,faceframes\fake\fakevideo331.mp4,1,0,video331
faceframes\real\video332.mp4,faceframes\fake\fakevideo332.mp4,1,0,video332
faceframes\real\video333.mp4,faceframes\fake\fakevideo333.mp4,1,0,video333
faceframes\real\video334.mp4,faceframes\fake\fakevideo334.mp4,1,0,video334
faceframes\real\video335.mp4,faceframes\fake\fakevideo335.mp4,1,0,video335
faceframes\real\video336.mp4,faceframes\fake\fakevideo336.mp4,1,0,video336
faceframes\real\video337.mp4,faceframes\fake\fakevideo337.mp4,1,0,video337
faceframes\real\video338.mp4,faceframes\fake\fakevideo338.mp4,1,0,video338
faceframes\real\video339.mp4,faceframes\fake\fakevideo339.mp4,1,0,video339
faceframes\real\video34.mp4,faceframes\fake\fakevideo34.mp4,1,0,video34
faceframes\real\video340.mp4,faceframes\fake\fakevideo340.mp4,1,0,video340
faceframes\real\video341.mp4,faceframes\fake\fakevideo341.mp4,1,0,video341
faceframes\real\video342.mp4,faceframes\fake\fakevideo342.mp4,1,0,video342
faceframes\real\video343.mp4,faceframes\fake\fakevideo343.mp4,1,0,video343
faceframes\real\video344.mp4,faceframes\fake\fakevideo344.mp4,1,0,video344
faceframes\real\video345.mp4,faceframes\fake\fakevideo345.mp4,1,0,video345
faceframes\real\video346.mp4,faceframes\fake\fakevideo346.mp4,1,0,video346
faceframes\real\video347.mp4,faceframes\fake\fakevideo347.mp4,1,0,video347
faceframes\real\video348.mp4,faceframes\fake\fakevideo348.mp4,1,0,video348
faceframes\real\video349.mp4,faceframes\fake\fakevideo349.mp4,1,0,video349
faceframes\real\video35.mp4,faceframes\fake\fakevideo35.mp4,1,0,video35
faceframes\real\video350.mp4,faceframes\fake\fakevideo350.mp4,1,0,video350
faceframes\real\video351.mp4,faceframes\fake\fakevideo351.mp4,1,0,video351
faceframes\real\video352.mp4,faceframes\fake\fakevideo352.mp4,1,0,video352
faceframes\real\video353.mp4,faceframes\fake\fakevideo353.mp4,1,0,video353
faceframes\real\video354.mp4,faceframes\fake\fakevideo354.mp4,1,0,video354
faceframes\real\video355.mp4,faceframes\fake\fakevideo355.mp4,1,0,video355
faceframes\real\video356.mp4,faceframes\fake\fakevideo356.mp4,1,0,video356
faceframes\real\video357.mp4,faceframes\fake\fakevideo357.mp4,1,0,video357
faceframes\real\video358.mp4,faceframes\fake\fakevideo358.mp4,1,0,video358
faceframes\real\video359.mp4,faceframes\fake\fakevideo359.mp4,1,0,video359
faceframes\real\video36.mp4,faceframes\fake\fakevideo36.mp4,1,0,video36
faceframes\real\video360.mp4,faceframes\fake\fakevideo360.mp4,1,0,video360
faceframes\real\video361.mp4,faceframes\fake\fakevideo361.mp4,1,0,video361
faceframes\real\video362.mp4,faceframes\fake\fakevideo362.mp4,1,0,video362
faceframes\real\video363.mp4,faceframes\fake\fakevideo363.mp4,1,0,video363
faceframes\real\video364.mp4,faceframes\fake\fakevideo364.mp4,1,0,video364
faceframes\real\video365.mp4,faceframes\fake\fakevideo365.mp4,1,0,video365
faceframes\real\video366.mp4,faceframes\fake\fakevideo366.mp4,1,0,video366
faceframes\real\video367.mp4,faceframes\fake\fakevideo367.mp4,1,0,video367
faceframes\real\video368.mp4,faceframes\fake\fakevideo368.mp4,1,0,video368
faceframes\real\video369.mp4,faceframes\fake\fakevideo369.mp4,1,0,video369
faceframes\real\video37.mp4,faceframes\fake\fakevideo37.mp4,1,0,video37
faceframes\real\video370.mp4,faceframes\fake\fakevideo370.mp4,1,0,video370
faceframes\real\video371.mp4,faceframes\fake\fakevideo371.mp4,1,0,video371
faceframes\real\video372.mp4,faceframes\fake\fakevideo372.mp4,1,0,video372
faceframes\real\video373.mp4,faceframes\fake\fakevideo373.mp4,1,0,video373
faceframes\real\video374.mp4,faceframes\fake\fakevideo374.mp4,1,0,video374
faceframes\real\video375.mp4,faceframes\fake\fakevideo375.mp4,1,0,video375
faceframes\real\video376.mp4,faceframes\fake\fakevideo376.mp4,1,0,video376
faceframes\real\video377.mp4,faceframes\fake\fakevideo377.mp4,1,0,video377
faceframes\real\video378.mp4,faceframes\fake\fakevideo378.mp4,1,0,video378
faceframes\real\video379.mp4,faceframes\fake\fakevideo379.mp4,1,0,video379
faceframes\real\video38.mp4,faceframes\fake\fakevideo38.mp4,1,0,video38
faceframes\real\video380.mp4,faceframes\fake\fakevideo380.mp4,1,0,video380
faceframes\real\video381.mp4,faceframes\fake\fakevideo381.mp4,1,0,video381
faceframes\real\video382.mp4,faceframes\fake\fakevideo382.mp4,1,0,video382
faceframes\real\video383.mp4,faceframes\fake\fakevideo383.mp4,1,0,video383
faceframes\real\video384.mp4,faceframes\fake\fakevideo384.mp4,1,0,video384
faceframes\real\video385.mp4,faceframes\fake\fakevideo385.mp4,1,0,video385
faceframes\real\video386.mp4,faceframes\fake\fakevideo386.mp4,1,0,video386
faceframes\real\video387.mp4,faceframes\fake\fakevideo387.mp4,1,0,video387
faceframes\real\video388.mp4,faceframes\fake\fakevideo388.mp4,1,0,video388
faceframes\real\video389.mp4,faceframes\fake\fakevideo389.mp4,1,0,video389
faceframes\real\video39.mp4,faceframes\fake\fakevideo39.mp4,1,0,video39
faceframes\real\video390.mp4,faceframes\fake\fakevideo390.mp4,1,0,video390
faceframes\real\video391.mp4,faceframes\fake\fakevideo391.mp4,1,0,video391
faceframes\real\video392.mp4,faceframes\fake\fakevideo392.mp4,1,0,video392
faceframes\real\video393.mp4,faceframes\fake\fakevideo393.mp4,1,0,video393
faceframes\real\video394.mp4,faceframes\fake\fakevideo394.mp4,1,0,video394
faceframes\real\video395.mp4,faceframes\fake\fakevideo395.mp4,1,0,video395
faceframes\real\video396.mp4,faceframes\fake\fakevideo396.mp4,1,0,video396
faceframes\real\video397.mp4,faceframes\fake\fakevideo397.mp4,1,0,video397
faceframes\real\video398.mp4,faceframes\fake\fakevideo398.mp4,1,0,video398
faceframes\real\video399.mp4,faceframes\fake\fakevideo399.mp4,1,0,video399
faceframes\real\video4.mp4,faceframes\fake\fakevideo4.mp4,1,0,video4
faceframes\real\video40.mp4,faceframes\fake\fakevideo40.mp4,1,0,video40
faceframes\real\video400.mp4,faceframes\fake\fakevideo400.mp4,1,0,video400
faceframes\real\video401.mp4,faceframes\fake\fakevideo401.mp4,1,0,video401
faceframes\real\video402.mp4,faceframes\fake\fakevideo402.mp4,1,0,video402
faceframes\real\video403.mp4,faceframes\fake\fakevideo403.mp4,1,0,video403
faceframes\real\video404.mp4,faceframes\fake\fakevideo404.mp4,1,0,video404
faceframes\real\video405.mp4,faceframes\fake\fakevideo405.mp4,1,0,video405
faceframes\real\video406.mp4,faceframes\fake\fakevideo406.mp4,1,0,video406
faceframes\real\video407.mp4,faceframes\fake\fakevideo407.mp4,1,0,video407
faceframes\real\video408.mp4,faceframes\fake\fakevideo408.mp4,1,0,video408
faceframes\real\video409.mp4,faceframes\fake\fakevideo409.mp4,1,0,video409
faceframes\real\video41.mp4,faceframes\fake\fakevideo41.mp4,1,0,video41
faceframes\real\video410.mp4,faceframes\fake\fakevideo410.mp4,1,0,video410
faceframes\real\video411.mp4,faceframes\fake\fakevideo411.mp4,1,0,video411
faceframes\real\video412.mp4,faceframes\fake\fakevideo412.mp4,1,0,video412
faceframes\real\video413.mp4,faceframes\fake\fakevideo413.mp4,1,0,video413
faceframes\real\video414.mp4,faceframes\fake\fakevideo414.mp4,1,0,video414
faceframes\real\video415.mp4,faceframes\fake\fakevideo415.mp4,1,0,video415
faceframes\real\video416.mp4,faceframes\fake\fakevideo416.mp4,1,0,video416
faceframes\real\video417.mp4,faceframes\fake\fakevideo417.mp4,1,0,video417
faceframes\real\video418.mp4,faceframes\fake\fakevideo418.mp4,1,0,video418
faceframes\real\video419.mp4,faceframes\fake\fakevideo419.mp4,1,0,video419
faceframes\real\video42.mp4,faceframes\fake\fakevideo42.mp4,1,0,video42
faceframes\real\video420.mp4,faceframes\fake\fakevideo420.mp4,1,0,video420
faceframes\real\video421.mp4,faceframes\fake\fakevideo421.mp4,1,0,video421
faceframes\real\video422.mp4,faceframes\fake\fakevideo422.mp4,1,0,video422
faceframes\real\video423.mp4,faceframes\fake\fakevideo423.mp4,1,0,video423
faceframes\real\video424.mp4,faceframes\fake\fakevideo424.mp4,1,0,video424
faceframes\real\video425.mp4,faceframes\fake\fakevideo425.mp4,1,0,video425
faceframes\real\video426.mp4,faceframes\fake\fakevideo426.mp4,1,0,video426
faceframes\real\video427.mp4,faceframes\fake\fakevideo427.mp4,1,0,video427
faceframes\real\video428.mp4,faceframes\fake\fakevideo428.mp4,1,0,video428
faceframes\real\video429.mp4,faceframes\fake\fakevideo429.mp4,1,0,video429
faceframes\real\video43.mp4,faceframes\fake\fakevideo43.mp4,1,0,video43
faceframes\real\video430.mp4,faceframes\fake\fakevideo430.mp4,1,0,video430
faceframes\real\video431.mp4,faceframes\fake\fakevideo431.mp4,1,0,video431
faceframes\real\video432.mp4,faceframes\fake\fakevideo432.mp4,1,0,video432
faceframes\real\video433.mp4,faceframes\fake\fakevideo433.mp4,1,0,video433
faceframes\real\video434.mp4,faceframes\fake\fakevideo434.mp4,1,0,video434
faceframes\real\video435.mp4,faceframes\fake\fakevideo435.mp4,1,0,video435
faceframes\real\video436.mp4,faceframes\fake\fakevideo436.mp4,1,0,video436
faceframes\real\video437.mp4,faceframes\fake\fakevideo437.mp4,1,0,video437
faceframes\real\video438.mp4,faceframes\fake\fakevideo438.mp4,1,0,video438
faceframes\real\video439.mp4,faceframes\fake\fakevideo439.mp4,1,0,video439
faceframes\real\video44.mp4,faceframes\fake\fakevideo44.mp4,1,0,video44
faceframes\real\video440.mp4,faceframes\fake\fakevideo440.mp4,1,0,video440
faceframes\real\video441.mp4,faceframes\fake\fakevideo441.mp4,1,0,video441
faceframes\real\video442.mp4,faceframes\fake\fakevideo442.mp4,1,0,video442
faceframes\real\video443.mp4,faceframes\fake\fakevideo443.mp4,1,0,video443
faceframes\real\video444.mp4,faceframes\fake\fakevideo444.mp4,1,0,video444
faceframes\real\video445.mp4,faceframes\fake\fakevideo445.mp4,1,0,video445
faceframes\real\video446.mp4,faceframes\fake\fakevideo446.mp4,1,0,video446
faceframes\real\video447.mp4,faceframes\fake\fakevideo447.mp4,1,0,video447
faceframes\real\video448.mp4,faceframes\fake\fakevideo448.mp4,1,0,video448
faceframes\real\video449.mp4,faceframes\fake\fakevideo449.mp4,1,0,video449
faceframes\real\video45.mp4,faceframes\fake\fakevideo45.mp4,1,0,video45
faceframes\real\video450.mp4,faceframes\fake\fakevideo450.mp4,1,0,video450
faceframes\real\video451.mp4,faceframes\fake\fakevideo451.mp4,1,0,video451
faceframes\real\video452.mp4,faceframes\fake\fakevideo452.mp4,1,0,video452
faceframes\real\video453.mp4,faceframes\fake\fakevideo453.mp4,1,0,video453
faceframes\real\video454.mp4,faceframes\fake\fakevideo454.mp4,1,0,video454
faceframes\real\video455.mp4,faceframes\fake\fakevideo455.mp4,1,0,video455
faceframes\real\video456.mp4,faceframes\fake\fakevideo456.mp4,1,0,video456
faceframes\real\video457.mp4,faceframes\fake\fakevideo457.mp4,1,0,video457
faceframes\real\video458.mp4,faceframes\fake\fakevideo458.mp4,1,0,video458
faceframes\real\video459.mp4,faceframes\fake\fakevideo459.mp4,1,0,video459
faceframes\real\video46.mp4,faceframes\fake\fakevideo46.mp4,1,0,video46
faceframes\real\video460.mp4,faceframes\fake\fakevideo460.mp4,1,0,video460
faceframes\real\video461.mp4,faceframes\fake\fakevideo461.mp4,1,0,video461
faceframes\real\video462.mp4,faceframes\fake\fakevideo462.mp4,1,0,video462
faceframes\real\video463.mp4,faceframes\fake\fakevideo463.mp4,1,0,video463
faceframes\real\video464.mp4,faceframes\fake\fakevideo464.mp4,1,0,video464
faceframes\real\video465.mp4,faceframes\fake\fakevideo465.mp4,1,0,video465
faceframes\real\video466.mp4,faceframes\fake\fakevideo466.mp4,1,0,video466
faceframes\real\video467.mp4,faceframes\fake\fakevideo467.mp4,1,0,video467
faceframes\real\video468.mp4,faceframes\fake\fakevideo468.mp4,1,0,video468
faceframes\real\video469.mp4,faceframes\fake\fakevideo469.mp4,1,0,video469
faceframes\real\video47.mp4,faceframes\fake\fakevideo47.mp4,1,0,video47
faceframes\real\video470.mp4,faceframes\fake\fakevideo470.mp4,1,0,video470
faceframes\real\video471.mp4,faceframes\fake\fakevideo471.mp4,1,0,video471
faceframes\real\video472.mp4,faceframes\fake\fakevideo472.mp4,1,0,video472
faceframes\real\video473.mp4,faceframes\fake\fakevideo473.mp4,1,0,video473
faceframes\real\video474.mp4,faceframes\fake\fakevideo474.mp4,1,0,video474
faceframes\real\video475.mp4,faceframes\fake\fakevideo475.mp4,1,0,video475
faceframes\real\video476.mp4,faceframes\fake\fakevideo476.mp4,1,0,video476
faceframes\real\video477.mp4,faceframes\fake\fakevideo477.mp4,1,0,video477
faceframes\real\video478.mp4,faceframes\fake\fakevideo478.mp4,1,0,video478
faceframes\real\video479.mp4,faceframes\fake\fakevideo479.mp4,1,0,video479
faceframes\real\video48.mp4,faceframes\fake\fakevideo48.mp4,1,0,video48
faceframes\real\video480.mp4,faceframes\fake\fakevideo480.mp4,1,0,video480
faceframes\real\video481.mp4,faceframes\fake\fakevideo481.mp4,1,0,video481
faceframes\real\video482.mp4,faceframes\fake\fakevideo482.mp4,1,0,video482
faceframes\real\video483.mp4,faceframes\fake\fakevideo483.mp4,1,0,video483
faceframes\real\video484.mp4,faceframes\fake\fakevideo484.mp4,1,0,video484
faceframes\real\video485.mp4,faceframes\fake\fakevideo485.mp4,1,0,video485
faceframes\real\video486.mp4,faceframes\fake\fakevideo486.mp4,1,0,video486
faceframes\real\video487.mp4,faceframes\fake\fakevideo487.mp4,1,0,video487
faceframes\real\video488.mp4,faceframes\fake\fakevideo488.mp4,1,0,video488
faceframes\real\video489.mp4,faceframes\fake\fakevideo489.mp4,1,0,video489
faceframes\real\video49.mp4,faceframes\fake\fakevideo49.mp4,1,0,video49
faceframes\real\video490.mp4,faceframes\fake\fakevideo490.mp4,1,0,video490
faceframes\real\video491.mp4,faceframes\fake\fakevideo491.mp4,1,0,video491
faceframes\real\video492.mp4,faceframes\fake\fakevideo492.mp4,1,0,video492
faceframes\real\video493.mp4,faceframes\fake\fakevideo493.mp4,1,0,video493
faceframes\real\video494.mp4,faceframes\fake\fakevideo494.mp4,1,0,video494
faceframes\real\video495.mp4,faceframes\fake\fakevideo495.mp4,1,0,video495
faceframes\real\video496.mp4,faceframes\fake\fakevideo496.mp4,1,0,video496
faceframes\real\video497.mp4,faceframes\fake\fakevideo497.mp4,1,0,video497
faceframes\real\video498.mp4,faceframes\fake\fakevideo498.mp4,1,0,video498
faceframes\real\video499.mp4,faceframes\fake\fakevideo499.mp4,1,0,video499
faceframes\real\video5.mp4,faceframes\fake\fakevideo5.mp4,1,0,video5
faceframes\real\video50.mp4,faceframes\fake\fakevideo50.mp4,1,0,video50
faceframes\real\video500.mp4,faceframes\fake\fakevideo500.mp4,1,0,video500
faceframes\real\video501.mp4,faceframes\fake\fakevideo501.mp4,1,0,video501
faceframes\real\video502.mp4,faceframes\fake\fakevideo502.mp4,1,0,video502
faceframes\real\video503.mp4,faceframes\fake\fakevideo503.mp4,1,0,video503
faceframes\real\video504.mp4,faceframes\fake\fakevideo504.mp4,1,0,video504
faceframes\real\video505.mp4,faceframes\fake\fakevideo505.mp4,1,0,video505
faceframes\real\video506.mp4,faceframes\fake\fakevideo506.mp4,1,0,video506
faceframes\real\video507.mp4,faceframes\fake\fakevideo507.mp4,1,0,video507
faceframes\real\video508.mp4,faceframes\fake\fakevideo508.mp4,1,0,video508
faceframes\real\video509.mp4,faceframes\fake\fakevideo509.mp4,1,0,video509
faceframes\real\video51.mp4,faceframes\fake\fakevideo51.mp4,1,0,video51
faceframes\real\video510.mp4,faceframes\fake\fakevideo510.mp4,1,0,video510
faceframes\real\video511.mp4,faceframes\fake\fakevideo511.mp4,1,0,video511
faceframes\real\video512.mp4,faceframes\fake\fakevideo512.mp4,1,0,video512
faceframes\real\video513.mp4,faceframes\fake\fakevideo513.mp4,1,0,video513
faceframes\real\video514.mp4,faceframes\fake\fakevideo514.mp4,1,0,video514
faceframes\real\video515.mp4,faceframes\fake\fakevideo515.mp4,1,0,video515
faceframes\real\video516.mp4,faceframes\fake\fakevideo516.mp4,1,0,video516
faceframes\real\video517.mp4,faceframes\fake\fakevideo517.mp4,1,0,video517
faceframes\real\video518.mp4,faceframes\fake\fakevideo518.mp4,1,0,video518
faceframes\real\video519.mp4,faceframes\fake\fakevideo519.mp4,1,0,video519
faceframes\real\video52.mp4,faceframes\fake\fakevideo52.mp4,1,0,video52
faceframes\real\video520.mp4,faceframes\fake\fakevideo520.mp4,1,0,video520
faceframes\real\video521.mp4,faceframes\fake\fakevideo521.mp4,1,0,video521
faceframes\real\video522.mp4,faceframes\fake\fakevideo522.mp4,1,0,video522
faceframes\real\video523.mp4,faceframes\fake\fakevideo523.mp4,1,0,video523
faceframes\real\video524.mp4,faceframes\fake\fakevideo524.mp4,1,0,video524
faceframes\real\video525.mp4,faceframes\fake\fakevideo525.mp4,1,0,video525
faceframes\real\video526.mp4,faceframes\fake\fakevideo526.mp4,1,0,video526
faceframes\real\video527.mp4,faceframes\fake\fakevideo527.mp4,1,0,video527
faceframes\real\video528.mp4,faceframes\fake\fakevideo528.mp4,1,0,video528
faceframes\real\video529.mp4,faceframes\fake\fakevideo529.mp4,1,0,video529
faceframes\real\video53.mp4,faceframes\fake\fakevideo53.mp4,1,0,video53
faceframes\real\video530.mp4,faceframes\fake\fakevideo530.mp4,1,0,video530
faceframes\real\video531.mp4,faceframes\fake\fakevideo531.mp4,1,0,video531
faceframes\real\video532.mp4,faceframes\fake\fakevideo532.mp4,1,0,video532
faceframes\real\video533.mp4,faceframes\fake\fakevideo533.mp4,1,0,video533
faceframes\real\video534.mp4,faceframes\fake\fakevideo534.mp4,1,0,video534
faceframes\real\video535.mp4,faceframes\fake\fakevideo535.mp4,1,0,video535
faceframes\real\video536.mp4,faceframes\fake\fakevideo536.mp4,1,0,video536
faceframes\real\video537.mp4,faceframes\fake\fakevideo537.mp4,1,0,video537
faceframes\real\video538.mp4,faceframes\fake\fakevideo538.mp4,1,0,video538
faceframes\real\video539.mp4,faceframes\fake\fakevideo539.mp4,1,0,video539
faceframes\real\video54.mp4,faceframes\fake\fakevideo54.mp4,1,0,video54
faceframes\real\video540.mp4,faceframes\fake\fakevideo540.mp4,1,0,video540
faceframes\real\video541.mp4,faceframes\fake\fakevideo541.mp4,1,0,video541
faceframes\real\video542.mp4,faceframes\fake\fakevideo542.mp4,1,0,video542
faceframes\real\video543.mp4,faceframes\fake\fakevideo543.mp4,1,0,video543
faceframes\real\video544.mp4,faceframes\fake\fakevideo544.mp4,1,0,video544
faceframes\real\video545.mp4,faceframes\fake\fakevideo545.mp4,1,0,video545
faceframes\real\video546.mp4,faceframes\fake\fakevideo546.mp4,1,0,video546
faceframes\real\video547.mp4,faceframes\fake\fakevideo547.mp4,1,0,video547
faceframes\real\video548.mp4,faceframes\fake\fakevideo548.mp4,1,0,video548
faceframes\real\video549.mp4,faceframes\fake\fakevideo549.mp4,1,0,video549
faceframes\real\video55.mp4,faceframes\fake\fakevideo55.mp4,1,0,video55
faceframes\real\video550.mp4,faceframes\fake\fakevideo550.mp4,1,0,video550
faceframes\real\video551.mp4,faceframes\fake\fakevideo551.mp4,1,0,video551
faceframes\real\video552.mp4,faceframes\fake\fakevideo552.mp4,1,0,video552
faceframes\real\video553.mp4,faceframes\fake\fakevideo553.mp4,1,0,video553
faceframes\real\video554.mp4,faceframes\fake\fakevideo554.mp4,1,0,video554
faceframes\real\video555.mp4,faceframes\fake\fakevideo555.mp4,1,0,video555
faceframes\real\video556.mp4,faceframes\fake\fakevideo556.mp4,1,0,video556
faceframes\real\video557.mp4,faceframes\fake\fakevideo557.mp4,1,0,video557
faceframes\real\video558.mp4,faceframes\fake\fakevideo558.mp4,1,0,video558
faceframes\real\video559.mp4,faceframes\fake\fakevideo559.mp4,1,0,video559
faceframes\real\video56.mp4,faceframes\fake\fakevideo56.mp4,1,0,video56
faceframes\real\video560.mp4,faceframes\fake\fakevideo560.mp4,1,0,video560
faceframes\real\video561.mp4,faceframes\fake\fakevideo561.mp4,1,0,video561
faceframes\real\video562.mp4,faceframes\fake\fakevideo562.mp4,1,0,video562
faceframes\real\video563.mp4,faceframes\fake\fakevideo563.mp4,1,0,video563
faceframes\real\video564.mp4,faceframes\fake\fakevideo564.mp4,1,0,video564
faceframes\real\video565.mp4,faceframes\fake\fakevideo565.mp4,1,0,video565
faceframes\real\video566.mp4,faceframes\fake\fakevideo566.mp4,1,0,video566
faceframes\real\video567.mp4,faceframes\fake\fakevideo567.mp4,1,0,video567
faceframes\real\video568.mp4,faceframes\fake\fakevideo568.mp4,1,0,video568
faceframes\real\video569.mp4,faceframes\fake\fakevideo569.mp4,1,0,video569
faceframes\real\video57.mp4,faceframes\fake\fakevideo57.mp4,1,0,video57
faceframes\real\video570.mp4,faceframes\fake\fakevideo570.mp4,1,0,video570
faceframes\real\video571.mp4,faceframes\fake\fakevideo571.mp4,1,0,video571
faceframes\real\video572.mp4,faceframes\fake\fakevideo572.mp4,1,0,video572
faceframes\real\video573.mp4,faceframes\fake\fakevideo573.mp4,1,0,video573
faceframes\real\video574.mp4,faceframes\fake\fakevideo574.mp4,1,0,video574
faceframes\real\video575.mp4,faceframes\fake\fakevideo575.mp4,1,0,video575
faceframes\real\video576.mp4,faceframes\fake\fakevideo576.mp4,1,0,video576
faceframes\real\video577.mp4,faceframes\fake\fakevideo577.mp4,1,0,video577
faceframes\real\video578.mp4,faceframes\fake\fakevideo578.mp4,1,0,video578
faceframes\real\video579.mp4,faceframes\fake\fakevideo579.mp4,1,0,video579
faceframes\real\video58.mp4,faceframes\fake\fakevideo58.mp4,1,0,video58
faceframes\real\video580.mp4,faceframes\fake\fakevideo580.mp4,1,0,video580
faceframes\real\video581.mp4,faceframes\fake\fakevideo581.mp4,1,0,video581
faceframes\real\video582.mp4,faceframes\fake\fakevideo582.mp4,1,0,video582
faceframes\real\video583.mp4,faceframes\fake\fakevideo583.mp4,1,0,video583
faceframes\real\video584.mp4,faceframes\fake\fakevideo584.mp4,1,0,video584
faceframes\real\video585.mp4,faceframes\fake\fakevideo585.mp4,1,0,video585
faceframes\real\video586.mp4,faceframes\fake\fakevideo586.mp4,1,0,video586
faceframes\real\video587.mp4,faceframes\fake\fakevideo587.mp4,1,0,video587
faceframes\real\video588.mp4,faceframes\fake\fakevideo588.mp4,1,0,video588
faceframes\real\video589.mp4,faceframes\fake\fakevideo589.mp4,1,0,video589
faceframes\real\video59.mp4,faceframes\fake\fakevideo59.mp4,1,0,video59
faceframes\real\video590.mp4,faceframes\fake\fakevideo590.mp4,1,0,video590
faceframes\real\video591.mp4,faceframes\fake\fakevideo591.mp4,1,0,video591
faceframes\real\video592.mp4,faceframes\fake\fakevideo592.mp4,1,0,video592
faceframes\real\video593.mp4,faceframes\fake\fakevideo593.mp4,1,0,video593
faceframes\real\video594.mp4,faceframes\fake\fakevideo594.mp4,1,0,video594
faceframes\real\video595.mp4,faceframes\fake\fakevideo595.mp4,1,0,video595
faceframes\real\video596.mp4,faceframes\fake\fakevideo596.mp4,1,0,video596
faceframes\real\video597.mp4,faceframes\fake\fakevideo597.mp4,1,0,video597
faceframes\real\video598.mp4,faceframes\fake\fakevideo598.mp4,1,0,video598
faceframes\real\video599.mp4,faceframes\fake\fakevideo599.mp4,1,0,video599
faceframes\real\video6.mp4,faceframes\fake\fakevideo6.mp4,1,0,video6
faceframes\real\video60.mp4,faceframes\fake\fakevideo60.mp4,1,0,video60
faceframes\real\video600.mp4,faceframes\fake\fakevideo600.mp4,1,0,video600
faceframes\real\video601.mp4,faceframes\fake\fakevideo601.mp4,1,0,video601
faceframes\real\video602.mp4,faceframes\fake\fakevideo602.mp4,1,0,video602
faceframes\real\video603.mp4,faceframes\fake\fakevideo603.mp4,1,0,video603
faceframes\real\video604.mp4,faceframes\fake\fakevideo604.mp4,1,0,video604
faceframes\real\video605.mp4,faceframes\fake\fakevideo605.mp4,1,0,video605
faceframes\real\video606.mp4,faceframes\fake\fakevideo606.mp4,1,0,video606
faceframes\real\video607.mp4,faceframes\fake\fakevideo607.mp4,1,0,video607
faceframes\real\video608.mp4,faceframes\fake\fakevideo608.mp4,1,0,video608
faceframes\real\video609.mp4,faceframes\fake\fakevideo609.mp4,1,0,video609
faceframes\real\video61.mp4,faceframes\fake\fakevideo61.mp4,1,0,video61
faceframes\real\video610.mp4,faceframes\fake\fakevideo610.mp4,1,0,video610
faceframes\real\video611.mp4,faceframes\fake\fakevideo611.mp4,1,0,video611
faceframes\real\video612.mp4,faceframes\fake\fakevideo612.mp4,1,0,video612
faceframes\real\video613.mp4,faceframes\fake\fakevideo613.mp4,1,0,video613
faceframes\real\video614.mp4,faceframes\fake\fakevideo614.mp4,1,0,video614
faceframes\real\video615.mp4,faceframes\fake\fakevideo615.mp4,1,0,video615
faceframes\real\video616.mp4,faceframes\fake\fakevideo616.mp4,1,0,video616
faceframes\real\video617.mp4,faceframes\fake\fakevideo617.mp4,1,0,video617
faceframes\real\video618.mp4,faceframes\fake\fakevideo618.mp4,1,0,video618
faceframes\real\video619.mp4,faceframes\fake\fakevideo619.mp4,1,0,video619
faceframes\real\video62.mp4,faceframes\fake\fakevideo62.mp4,1,0,video62
faceframes\real\video620.mp4,faceframes\fake\fakevideo620.mp4,1,0,video620
faceframes\real\video621.mp4,faceframes\fake\fakevideo621.mp4,1,0,video621
faceframes\real\video622.mp4,faceframes\fake\fakevideo622.mp4,1,0,video622
faceframes\real\video623.mp4,faceframes\fake\fakevideo623.mp4,1,0,video623
faceframes\real\video624.mp4,faceframes\fake\fakevideo624.mp4,1,0,video624
faceframes\real\video625.mp4,faceframes\fake\fakevideo625.mp4,1,0,video625
faceframes\real\video626.mp4,faceframes\fake\fakevideo626.mp4,1,0,video626
faceframes\real\video627.mp4,faceframes\fake\fakevideo627.mp4,1,0,video627
faceframes\real\video628.mp4,faceframes\fake\fakevideo628.mp4,1,0,video628
faceframes\real\video629.mp4,faceframes\fake\fakevideo629.mp4,1,0,video629
faceframes\real\video63.mp4,faceframes\fake\fakevideo63.mp4,1,0,video63
faceframes\real\video630.mp4,faceframes\fake\fakevideo630.mp4,1,0,video630
faceframes\real\video631.mp4,faceframes\fake\fakevideo631.mp4,1,0,video631
faceframes\real\video632.mp4,faceframes\fake\fakevideo632.mp4,1,0,video632
faceframes\real\video633.mp4,faceframes\fake\fakevideo633.mp4,1,0,video633
faceframes\real\video634.mp4,faceframes\fake\fakevideo634.mp4,1,0,video634
faceframes\real\video635.mp4,faceframes\fake\fakevideo635.mp4,1,0,video635
faceframes\real\video636.mp4,faceframes\fake\fakevideo636.mp4,1,0,video636
faceframes\real\video637.mp4,faceframes\fake\fakevideo637.mp4,1,0,video637
faceframes\real\video638.mp4,faceframes\fake\fakevideo638.mp4,1,0,video638
faceframes\real\video639.mp4,faceframes\fake\fakevideo639.mp4,1,0,video639
faceframes\real\video64.mp4,faceframes\fake\fakevideo64.mp4,1,0,video64
faceframes\real\video640.mp4,faceframes\fake\fakevideo640.mp4,1,0,video640
faceframes\real\video641.mp4,faceframes\fake\fakevideo641.mp4,1,0,video641
faceframes\real\video642.mp4,faceframes\fake\fakevideo642.mp4,1,0,video642
faceframes\real\video643.mp4,faceframes\fake\fakevideo643.mp4,1,0,video643
faceframes\real\video644.mp4,faceframes\fake\fakevideo644.mp4,1,0,video644
faceframes\real\video645.mp4,faceframes\fake\fakevideo645.mp4,1,0,video645
faceframes\real\video646.mp4,faceframes\fake\fakevideo646.mp4,1,0,video646
faceframes\real\video647.mp4,faceframes\fake\fakevideo647.mp4,1,0,video647
faceframes\real\video648.mp4,faceframes\fake\fakevideo648.mp4,1,0,video648
faceframes\real\video649.mp4,faceframes\fake\fakevideo649.mp4,1,0,video649
faceframes\real\video65.mp4,faceframes\fake\fakevideo65.mp4,1,0,video65
faceframes\real\video650.mp4,faceframes\fake\fakevideo650.mp4,1,0,video650
faceframes\real\video651.mp4,faceframes\fake\fakevideo651.mp4,1,0,video651
faceframes\real\video652.mp4,faceframes\fake\fakevideo652.mp4,1,0,video652
faceframes\real\video653.mp4,faceframes\fake\fakevideo653.mp4,1,0,video653
faceframes\real\video654.mp4,faceframes\fake\fakevideo654.mp4,1,0,video654
faceframes\real\video655.mp4,faceframes\fake\fakevideo655.mp4,1,0,video655
faceframes\real\video656.mp4,faceframes\fake\fakevideo656.mp4,1,0,video656
faceframes\real\video657.mp4,faceframes\fake\fakevideo657.mp4,1,0,video657
faceframes\real\video658.mp4,faceframes\fake\fakevideo658.mp4,1,0,video658
faceframes\real\video659.mp4,faceframes\fake\fakevideo659.mp4,1,0,video659
faceframes\real\video66.mp4,faceframes\fake\fakevideo66.mp4,1,0,video66
faceframes\real\video660.mp4,faceframes\fake\fakevideo660.mp4,1,0,video660
faceframes\real\video661.mp4,faceframes\fake\fakevideo661.mp4,1,0,video661
faceframes\real\video662.mp4,faceframes\fake\fakevideo662.mp4,1,0,video662
faceframes\real\video663.mp4,faceframes\fake\fakevideo663.mp4,1,0,video663
faceframes\real\video664.mp4,faceframes\fake\fakevideo664.mp4,1,0,video664
faceframes\real\video665.mp4,faceframes\fake\fakevideo665.mp4,1,0,video665
faceframes\real\video666.mp4,faceframes\fake\fakevideo666.mp4,1,0,video666
faceframes\real\video667.mp4,faceframes\fake\fakevideo667.mp4,1,0,video667
faceframes\real\video668.mp4,faceframes\fake\fakevideo668.mp4,1,0,video668
faceframes\real\video669.mp4,faceframes\fake\fakevideo669.mp4,1,0,video669
faceframes\real\video67.mp4,faceframes\fake\fakevideo67.mp4,1,0,video67
faceframes\real\video670.mp4,faceframes\fake\fakevideo670.mp4,1,0,video670
faceframes\real\video671.mp4,faceframes\fake\fakevideo671.mp4,1,0,video671
faceframes\real\video672.mp4,faceframes\fake\fakevideo672.mp4,1,0,video672
faceframes\real\video673.mp4,faceframes\fake\fakevideo673.mp4,1,0,video673
faceframes\real\video674.mp4,faceframes\fake\fakevideo674.mp4,1,0,video674
faceframes\real\video675.mp4,faceframes\fake\fakevideo675.mp4,1,0,video675
faceframes\real\video676.mp4,faceframes\fake\fakevideo676.mp4,1,0,video676
faceframes\real\video677.mp4,faceframes\fake\fakevideo677.mp4,1,0,video677
faceframes\real\video678.mp4,faceframes\fake\fakevideo678.mp4,1,0,video678
faceframes\real\video679.mp4,faceframes\fake\fakevideo679.mp4,1,0,video679
faceframes\real\video68.mp4,faceframes\fake\fakevideo68.mp4,1,0,video68
faceframes\real\video680.mp4,faceframes\fake\fakevideo680.mp4,1,0,video680
faceframes\real\video681.mp4,faceframes\fake\fakevideo681.mp4,1,0,video681
faceframes\real\video682.mp4,faceframes\fake\fakevideo682.mp4,1,0,video682
faceframes\real\video683.mp4,faceframes\fake\fakevideo683.mp4,1,0,video683
faceframes\real\video684.mp4,faceframes\fake\fakevideo684.mp4,1,0,video684
faceframes\real\video685.mp4,faceframes\fake\fakevideo685.mp4,1,0,video685
faceframes\real\video686.mp4,faceframes\fake\fakevideo686.mp4,1,0,video686
faceframes\real\video687.mp4,faceframes\fake\fakevideo687.mp4,1,0,video687
faceframes\real\video688.mp4,faceframes\fake\fakevideo688.mp4,1,0,video688
faceframes\real\video689.mp4,faceframes\fake\fakevideo689.mp4,1,0,video689
faceframes\real\video69.mp4,faceframes\fake\fakevideo69.mp4,1,0,video69
faceframes\real\video690.mp4,faceframes\fake\fakevideo690.mp4,1,0,video690
faceframes\real\video691.mp4,faceframes\fake\fakevideo691.mp4,1,0,video691
faceframes\real\video692.mp4,faceframes\fake\fakevideo692.mp4,1,0,video692
faceframes\real\video693.mp4,faceframes\fake\fakevideo693.mp4,1,0,video693
faceframes\real\video694.mp4,faceframes\fake\fakevideo694.mp4,1,0,video694
faceframes\real\video695.mp4,faceframes\fake\fakevideo695.mp4,1,0,video695
faceframes\real\video696.mp4,faceframes\fake\fakevideo696.mp4,1,0,video696
faceframes\real\video697.mp4,faceframes\fake\fakevideo697.mp4,1,0,video697
faceframes\real\video698.mp4,faceframes\fake\fakevideo698.mp4,1,0,video698
faceframes\real\video699.mp4,faceframes\fake\fakevideo699.mp4,1,0,video699
faceframes\real\video7.mp4,faceframes\fake\fakevideo7.mp4,1,0,video7
faceframes\real\video70.mp4,faceframes\fake\fakevideo70.mp4,1,0,video70
faceframes\real\video700.mp4,faceframes\fake\fakevideo700.mp4,1,0,video700
faceframes\real\video701.mp4,faceframes\fake\fakevideo701.mp4,1,0,video701
faceframes\real\video702.mp4,faceframes\fake\fakevideo702.mp4,1,0,video702
faceframes\real\video703.mp4,faceframes\fake\fakevideo703.mp4,1,0,video703
faceframes\real\video704.mp4,faceframes\fake\fakevideo704.mp4,1,0,video704
faceframes\real\video705.mp4,faceframes\fake\fakevideo705.mp4,1,0,video705
faceframes\real\video706.mp4,faceframes\fake\fakevideo706.mp4,1,0,video706
faceframes\real\video707.mp4,faceframes\fake\fakevideo707.mp4,1,0,video707
faceframes\real\video708.mp4,faceframes\fake\fakevideo708.mp4,1,0,video708
faceframes\real\video709.mp4,faceframes\fake\fakevideo709.mp4,1,0,video709
faceframes\real\video71.mp4,faceframes\fake\fakevideo71.mp4,1,0,video71
faceframes\real\video710.mp4,faceframes\fake\fakevideo710.mp4,1,0,video710
faceframes\real\video711.mp4,faceframes\fake\fakevideo711.mp4,1,0,video711
faceframes\real\video712.mp4,faceframes\fake\fakevideo712.mp4,1,0,video712
faceframes\real\video713.mp4,faceframes\fake\fakevideo713.mp4,1,0,video713
faceframes\real\video714.mp4,faceframes\fake\fakevideo714.mp4,1,0,video714
faceframes\real\video715.mp4,faceframes\fake\fakevideo715.mp4,1,0,video715
faceframes\real\video716.mp4,faceframes\fake\fakevideo716.mp4,1,0,video716
faceframes\real\video717.mp4,faceframes\fake\fakevideo717.mp4,1,0,video717
faceframes\real\video718.mp4,faceframes\fake\fakevideo718.mp4,1,0,video718
faceframes\real\video719.mp4,faceframes\fake\fakevideo719.mp4,1,0,video719
faceframes\real\video72.mp4,faceframes\fake\fakevideo72.mp4,1,0,video72
faceframes\real\video720.mp4,faceframes\fake\fakevideo720.mp4,1,0,video720
faceframes\real\video721.mp4,faceframes\fake\fakevideo721.mp4,1,0,video721
faceframes\real\video722.mp4,faceframes\fake\fakevideo722.mp4,1,0,video722
faceframes\real\video723.mp4,faceframes\fake\fakevideo723.mp4,1,0,video723
faceframes\real\video724.mp4,faceframes\fake\fakevideo724.mp4,1,0,video724
faceframes\real\video725.mp4,faceframes\fake\fakevideo725.mp4,1,0,video725
faceframes\real\video726.mp4,faceframes\fake\fakevideo726.mp4,1,0,video726
faceframes\real\video727.mp4,faceframes\fake\fakevideo727.mp4,1,0,video727
faceframes\real\video728.mp4,faceframes\fake\fakevideo728.mp4,1,0,video728
faceframes\real\video729.mp4,faceframes\fake\fakevideo729.mp4,1,0,video729
faceframes\real\video73.mp4,faceframes\fake\fakevideo73.mp4,1,0,video73
faceframes\real\video730.mp4,faceframes\fake\fakevideo730.mp4,1,0,video730
faceframes\real\video731.mp4,faceframes\fake\fakevideo731.mp4,1,0,video731
faceframes\real\video732.mp4,faceframes\fake\fakevideo732.mp4,1,0,video732
faceframes\real\video733.mp4,faceframes\fake\fakevideo733.mp4,1,0,video733
faceframes\real\video734.mp4,faceframes\fake\fakevideo734.mp4,1,0,video734
faceframes\real\video735.mp4,faceframes\fake\fakevideo735.mp4,1,0,video735
faceframes\real\video736.mp4,faceframes\fake\fakevideo736.mp4,1,0,video736
faceframes\real\video737.mp4,faceframes\fake\fakevideo737.mp4,1,0,video737
faceframes\real\video738.mp4,faceframes\fake\fakevideo738.mp4,1,0,video738
faceframes\real\video739.mp4,faceframes\fake\fakevideo739.mp4,1,0,video739
faceframes\real\video74.mp4,faceframes\fake\fakevideo74.mp4,1,0,video74
faceframes\real\video740.mp4,faceframes\fake\fakevideo740.mp4,1,0,video740
faceframes\real\video741.mp4,faceframes\fake\fakevideo741.mp4,1,0,video741
faceframes\real\video742.mp4,faceframes\fake\fakevideo742.mp4,1,0,video742
faceframes\real\video743.mp4,faceframes\fake\fakevideo743.mp4,1,0,video743
faceframes\real\video744.mp4,faceframes\fake\fakevideo744.mp4,1,0,video744
faceframes\real\video745.mp4,faceframes\fake\fakevideo745.mp4,1,0,video745
faceframes\real\video746.mp4,faceframes\fake\fakevideo746.mp4,1,0,video746
faceframes\real\video747.mp4,faceframes\fake\fakevideo747.mp4,1,0,video747
faceframes\real\video748.mp4,faceframes\fake\fakevideo748.mp4,1,0,video748
faceframes\real\video749.mp4,faceframes\fake\fakevideo749.mp4,1,0,video749
faceframes\real\video75.mp4,faceframes\fake\fakevideo75.mp4,1,0,video75
faceframes\real\video750.mp4,faceframes\fake\fakevideo750.mp4,1,0,video750
faceframes\real\video751.mp4,faceframes\fake\fakevideo751.mp4,1,0,video751
faceframes\real\video752.mp4,faceframes\fake\fakevideo752.mp4,1,0,video752
faceframes\real\video753.mp4,faceframes\fake\fakevideo753.mp4,1,0,video753
faceframes\real\video754.mp4,faceframes\fake\fakevideo754.mp4,1,0,video754
faceframes\real\video755.mp4,faceframes\fake\fakevideo755.mp4,1,0,video755
faceframes\real\video756.mp4,faceframes\fake\fakevideo756.mp4,1,0,video756
faceframes\real\video757.mp4,faceframes\fake\fakevideo757.mp4,1,0,video757
faceframes\real\video758.mp4,faceframes\fake\fakevideo758.mp4,1,0,video758
faceframes\real\video759.mp4,faceframes\fake\fakevideo759.mp4,1,0,video759
faceframes\real\video76.mp4,faceframes\fake\fakevideo76.mp4,1,0,video76
faceframes\real\video760.mp4,faceframes\fake\fakevideo760.mp4,1,0,video760
faceframes\real\video761.mp4,faceframes\fake\fakevideo761.mp4,1,0,video761
faceframes\real\video762.mp4,faceframes\fake\fakevideo762.mp4,1,0,video762
faceframes\real\video763.mp4,faceframes\fake\fakevideo763.mp4,1,0,video763
faceframes\real\video764.mp4,faceframes\fake\fakevideo764.mp4,1,0,video764
faceframes\real\video765.mp4,faceframes\fake\fakevideo765.mp4,1,0,video765
faceframes\real\video766.mp4,faceframes\fake\fakevideo766.mp4,1,0,video766
faceframes\real\video767.mp4,faceframes\fake\fakevideo767.mp4,1,0,video767
faceframes\real\video768.mp4,faceframes\fake\fakevideo768.mp4,1,0,video768
faceframes\real\video769.mp4,faceframes\fake\fakevideo769.mp4,1,0,video769
faceframes\real\video77.mp4,faceframes\fake\fakevideo77.mp4,1,0,video77
faceframes\real\video770.mp4,faceframes\fake\fakevideo770.mp4,1,0,video770
faceframes\real\video771.mp4,faceframes\fake\fakevideo771.mp4,1,0,video771
faceframes\real\video772.mp4,faceframes\fake\fakevideo772.mp4,1,0,video772
faceframes\real\video773.mp4,faceframes\fake\fakevideo773.mp4,1,0,video773
faceframes\real\video774.mp4,faceframes\fake\fakevideo774.mp4,1,0,video774
faceframes\real\video775.mp4,faceframes\fake\fakevideo775.mp4,1,0,video775
faceframes\real\video776.mp4,faceframes\fake\fakevideo776.mp4,1,0,video776
faceframes\real\video777.mp4,faceframes\fake\fakevideo777.mp4,1,0,video777
faceframes\real\video778.mp4,faceframes\fake\fakevideo778.mp4,1,0,video778
faceframes\real\video779.mp4,faceframes\fake\fakevideo779.mp4,1,0,video779
faceframes\real\video78.mp4,faceframes\fake\fakevideo78.mp4,1,0,video78
faceframes\real\video780.mp4,faceframes\fake\fakevideo780.mp4,1,0,video780
faceframes\real\video781.mp4,faceframes\fake\fakevideo781.mp4,1,0,video781
faceframes\real\video782.mp4,faceframes\fake\fakevideo782.mp4,1,0,video782
faceframes\real\video783.mp4,faceframes\fake\fakevideo783.mp4,1,0,video783
faceframes\real\video784.mp4,faceframes\fake\fakevideo784.mp4,1,0,video784
faceframes\real\video785.mp4,faceframes\fake\fakevideo785.mp4,1,0,video785
faceframes\real\video786.mp4,faceframes\fake\fakevideo786.mp4,1,0,video786
faceframes\real\video787.mp4,faceframes\fake\fakevideo787.mp4,1,0,video787
faceframes\real\video788.mp4,faceframes\fake\fakevideo788.mp4,1,0,video788
faceframes\real\video789.mp4,faceframes\fake\fakevideo789.mp4,1,0,video789
faceframes\real\video79.mp4,faceframes\fake\fakevideo79.mp4,1,0,video79
faceframes\real\video790.mp4,faceframes\fake\fakevideo790.mp4,1,0,video790
faceframes\real\video791.mp4,faceframes\fake\fakevideo791.mp4,1,0,video791
faceframes\real\video792.mp4,faceframes\fake\fakevideo792.mp4,1,0,video792
faceframes\real\video793.mp4,faceframes\fake\fakevideo793.mp4,1,0,video793
faceframes\real\video794.mp4,faceframes\fake\fakevideo794.mp4,1,0,video794
faceframes\real\video795.mp4,faceframes\fake\fakevideo795.mp4,1,0,video795
faceframes\real\video796.mp4,faceframes\fake\fakevideo796.mp4,1,0,video796
faceframes\real\video797.mp4,faceframes\fake\fakevideo797.mp4,1,0,video797
faceframes\real\video798.mp4,faceframes\fake\fakevideo798.mp4,1,0,video798
faceframes\real\video799.mp4,faceframes\fake\fakevideo799.mp4,1,0,video799
faceframes\real\video8.mp4,faceframes\fake\fakevideo8.mp4,1,0,video8
faceframes\real\video80.mp4,faceframes\fake\fakevideo80.mp4,1,0,video80
faceframes\real\video800.mp4,faceframes\fake\fakevideo800.mp4,1,0,video800
faceframes\real\video801.mp4,faceframes\fake\fakevideo801.mp4,1,0,video801
faceframes\real\video802.mp4,faceframes\fake\fakevideo802.mp4,1,0,video802
faceframes\real\video803.mp4,faceframes\fake\fakevideo803.mp4,1,0,video803
faceframes\real\video804.mp4,faceframes\fake\fakevideo804.mp4,1,0,video804
faceframes\real\video805.mp4,faceframes\fake\fakevideo805.mp4,1,0,video805
faceframes\real\video806.mp4,faceframes\fake\fakevideo806.mp4,1,0,video806
faceframes\real\video807.mp4,faceframes\fake\fakevideo807.mp4,1,0,video807
faceframes\real\video808.mp4,faceframes\fake\fakevideo808.mp4,1,0,video808
faceframes\real\video809.mp4,faceframes\fake\fakevideo809.mp4,1,0,video809
faceframes\real\video81.mp4,faceframes\fake\fakevideo81.mp4,1,0,video81
faceframes\real\video810.mp4,faceframes\fake\fakevideo810.mp4,1,0,video810
faceframes\real\video811.mp4,faceframes\fake\fakevideo811.mp4,1,0,video811
faceframes\real\video812.mp4,faceframes\fake\fakevideo812.mp4,1,0,video812
faceframes\real\video813.mp4,faceframes\fake\fakevideo813.mp4,1,0,video813
faceframes\real\video814.mp4,faceframes\fake\fakevideo814.mp4,1,0,video814
faceframes\real\video815.mp4,faceframes\fake\fakevideo815.mp4,1,0,video815
faceframes\real\video816.mp4,faceframes\fake\fakevideo816.mp4,1,0,video816
faceframes\real\video817.mp4,faceframes\fake\fakevideo817.mp4,1,0,video817
faceframes\real\video818.mp4,faceframes\fake\fakevideo818.mp4,1,0,video818
faceframes\real\video819.mp4,faceframes\fake\fakevideo819.mp4,1,0,video819
faceframes\real\video82.mp4,faceframes\fake\fakevideo82.mp4,1,0,video82
faceframes\real\video820.mp4,faceframes\fake\fakevideo820.mp4,1,0,video820
faceframes\real\video821.mp4,faceframes\fake\fakevideo821.mp4,1,0,video821
faceframes\real\video822.mp4,faceframes\fake\fakevideo822.mp4,1,0,video822
faceframes\real\video823.mp4,faceframes\fake\fakevideo823.mp4,1,0,video823
faceframes\real\video824.mp4,faceframes\fake\fakevideo824.mp4,1,0,video824
faceframes\real\video825.mp4,faceframes\fake\fakevideo825.mp4,1,0,video825
faceframes\real\video826.mp4,faceframes\fake\fakevideo826.mp4,1,0,video826
faceframes\real\video827.mp4,faceframes\fake\fakevideo827.mp4,1,0,video827
faceframes\real\video828.mp4,faceframes\fake\fakevideo828.mp4,1,0,video828
faceframes\real\video829.mp4,faceframes\fake\fakevideo829.mp4,1,0,video829
faceframes\real\video83.mp4,faceframes\fake\fakevideo83.mp4,1,0,video83
faceframes\real\video830.mp4,faceframes\fake\fakevideo830.mp4,1,0,video830
faceframes\real\video831.mp4,faceframes\fake\fakevideo831.mp4,1,0,video831
faceframes\real\video832.mp4,faceframes\fake\fakevideo832.mp4,1,0,video832
faceframes\real\video833.mp4,faceframes\fake\fakevideo833.mp4,1,0,video833
faceframes\real\video834.mp4,faceframes\fake\fakevideo834.mp4,1,0,video834
faceframes\real\video835.mp4,faceframes\fake\fakevideo835.mp4,1,0,video835
faceframes\real\video836.mp4,faceframes\fake\fakevideo836.mp4,1,0,video836
faceframes\real\video837.mp4,faceframes\fake\fakevideo837.mp4,1,0,video837
faceframes\real\video838.mp4,faceframes\fake\fakevideo838.mp4,1,0,video838
faceframes\real\video839.mp4,faceframes\fake\fakevideo839.mp4,1,0,video839
faceframes\real\video84.mp4,faceframes\fake\fakevideo84.mp4,1,0,video84
faceframes\real\video840.mp4,faceframes\fake\fakevideo840.mp4,1,0,video840
faceframes\real\video841.mp4,faceframes\fake\fakevideo841.mp4,1,0,video841
faceframes\real\video842.mp4,faceframes\fake\fakevideo842.mp4,1,0,video842
faceframes\real\video843.mp4,faceframes\fake\fakevideo843.mp4,1,0,video843
faceframes\real\video844.mp4,faceframes\fake\fakevideo844.mp4,1,0,video844
faceframes\real\video845.mp4,faceframes\fake\fakevideo845.mp4,1,0,video845
faceframes\real\video846.mp4,faceframes\fake\fakevideo846.mp4,1,0,video846
faceframes\real\video847.mp4,faceframes\fake\fakevideo847.mp4,1,0,video847
faceframes\real\video848.mp4,faceframes\fake\fakevideo848.mp4,1,0,video848
faceframes\real\video849.mp4,faceframes\fake\fakevideo849.mp4,1,0,video849
faceframes\real\video85.mp4,faceframes\fake\fakevideo85.mp4,1,0,video85
faceframes\real\video850.mp4,faceframes\fake\fakevideo850.mp4,1,0,video850
faceframes\real\video851.mp4,faceframes\fake\fakevideo851.mp4,1,0,video851
faceframes\real\video852.mp4,faceframes\fake\fakevideo852.mp4,1,0,video852
faceframes\real\video853.mp4,faceframes\fake\fakevideo853.mp4,1,0,video853
faceframes\real\video854.mp4,faceframes\fake\fakevideo854.mp4,1,0,video854
faceframes\real\video855.mp4,faceframes\fake\fakevideo855.mp4,1,0,video855
faceframes\real\video856.mp4,faceframes\fake\fakevideo856.mp4,1,0,video856
faceframes\real\video857.mp4,faceframes\fake\fakevideo857.mp4,1,0,video857
faceframes\real\video858.mp4,faceframes\fake\fakevideo858.mp4,1,0,video858
faceframes\real\video859.mp4,faceframes\fake\fakevideo859.mp4,1,0,video859
faceframes\real\video86.mp4,faceframes\fake\fakevideo86.mp4,1,0,video86
faceframes\real\video860.mp4,faceframes\fake\fakevideo860.mp4,1,0,video860
faceframes\real\video861.mp4,faceframes\fake\fakevideo861.mp4,1,0,video861
faceframes\real\video862.mp4,faceframes\fake\fakevideo862.mp4,1,0,video862
faceframes\real\video863.mp4,faceframes\fake\fakevideo863.mp4,1,0,video863
faceframes\real\video864.mp4,faceframes\fake\fakevideo864.mp4,1,0,video864
faceframes\real\video865.mp4,faceframes\fake\fakevideo865.mp4,1,0,video865
faceframes\real\video866.mp4,faceframes\fake\fakevideo866.mp4,1,0,video866
faceframes\real\video867.mp4,faceframes\fake\fakevideo867.mp4,1,0,video867
faceframes\real\video868.mp4,faceframes\fake\fakevideo868.mp4,1,0,video868
faceframes\real\video869.mp4,faceframes\fake\fakevideo869.mp4,1,0,video869
faceframes\real\video87.mp4,faceframes\fake\fakevideo87.mp4,1,0,video87
faceframes\real\video870.mp4,faceframes\fake\fakevideo870.mp4,1,0,video870
faceframes\real\video871.mp4,faceframes\fake\fakevideo871.mp4,1,0,video871
faceframes\real\video872.mp4,faceframes\fake\fakevideo872.mp4,1,0,video872
faceframes\real\video873.mp4,faceframes\fake\fakevideo873.mp4,1,0,video873
faceframes\real\video874.mp4,faceframes\fake\fakevideo874.mp4,1,0,video874
faceframes\real\video875.mp4,faceframes\fake\fakevideo875.mp4,1,0,video875
faceframes\real\video876.mp4,faceframes\fake\fakevideo876.mp4,1,0,video876
faceframes\real\video877.mp4,faceframes\fake\fakevideo877.mp4,1,0,video877
faceframes\real\video878.mp4,faceframes\fake\fakevideo878.mp4,1,0,video878
faceframes\real\video879.mp4,faceframes\fake\fakevideo879.mp4,1,0,video879
faceframes\real\video88.mp4,faceframes\fake\fakevideo88.mp4,1,0,video88
faceframes\real\video880.mp4,faceframes\fake\fakevideo880.mp4,1,0,video880
faceframes\real\video881.mp4,faceframes\fake\fakevideo881.mp4,1,0,video881
faceframes\real\video882.mp4,faceframes\fake\fakevideo882.mp4,1,0,video882
faceframes\real\video883.mp4,faceframes\fake\fakevideo883.mp4,1,0,video883
faceframes\real\video884.mp4,faceframes\fake\fakevideo884.mp4,1,0,video884
faceframes\real\video885.mp4,faceframes\fake\fakevideo885.mp4,1,0,video885
faceframes\real\video886.mp4,faceframes\fake\fakevideo886.mp4,1,0,video886
faceframes\real\video887.mp4,faceframes\fake\fakevideo887.mp4,1,0,video887
faceframes\real\video888.mp4,faceframes\fake\fakevideo888.mp4,1,0,video888
faceframes\real\video889.mp4,faceframes\fake\fakevideo889.mp4,1,0,video889
faceframes\real\video89.mp4,faceframes\fake\fakevideo89.mp4,1,0,video89
faceframes\real\video890.mp4,faceframes\fake\fakevideo890.mp4,1,0,video890
faceframes\real\video891.mp4,faceframes\fake\fakevideo891.mp4,1,0,video891
faceframes\real\video892.mp4,faceframes\fake\fakevideo892.mp4,1,0,video892
faceframes\real\video893.mp4,faceframes\fake\fakevideo893.mp4,1,0,video893
faceframes\real\video894.mp4,faceframes\fake\fakevideo894.mp4,1,0,video894
faceframes\real\video895.mp4,faceframes\fake\fakevideo895.mp4,1,0,video895
faceframes\real\video896.mp4,faceframes\fake\fakevideo896.mp4,1,0,video896
faceframes\real\video897.mp4,faceframes\fake\fakevideo897.mp4,1,0,video897
faceframes\real\video898.mp4,faceframes\fake\fakevideo898.mp4,1,0,video898
faceframes\real\video899.mp4,faceframes\fake\fakevideo899.mp4,1,0,video899
faceframes\real\video9.mp4,faceframes\fake\fakevideo9.mp4,1,0,video9
faceframes\real\video90.mp4,faceframes\fake\fakevideo90.mp4,1,0,video90
faceframes\real\video900.mp4,faceframes\fake\fakevideo900.mp4,1,0,video900
faceframes\real\video901.mp4,faceframes\fake\fakevideo901.mp4,1,0,video901
faceframes\real\video902.mp4,faceframes\fake\fakevideo902.mp4,1,0,video902
faceframes\real\video903.mp4,faceframes\fake\fakevideo903.mp4,1,0,video903
faceframes\real\video904.mp4,faceframes\fake\fakevideo904.mp4,1,0,video904
faceframes\real\video905.mp4,faceframes\fake\fakevideo905.mp4,1,0,video905
faceframes\real\video906.mp4,faceframes\fake\fakevideo906.mp4,1,0,video906
faceframes\real\video907.mp4,faceframes\fake\fakevideo907.mp4,1,0,video907
faceframes\real\video908.mp4,faceframes\fake\fakevideo908.mp4,1,0,video908
faceframes\real\video909.mp4,faceframes\fake\fakevideo909.mp4,1,0,video909
faceframes\real\video91.mp4,faceframes\fake\fakevideo91.mp4,1,0,video91
faceframes\real\video910.mp4,faceframes\fake\fakevideo910.mp4,1,0,video910
faceframes\real\video911.mp4,faceframes\fake\fakevideo911.mp4,1,0,video911
faceframes\real\video912.mp4,faceframes\fake\fakevideo912.mp4,1,0,video912
faceframes\real\video913.mp4,faceframes\fake\fakevideo913.mp4,1,0,video913
faceframes\real\video914.mp4,faceframes\fake\fakevideo914.mp4,1,0,video914
faceframes\real\video915.mp4,faceframes\fake\fakevideo915.mp4,1,0,video915
faceframes\real\video916.mp4,faceframes\fake\fakevideo916.mp4,1,0,video916
faceframes\real\video917.mp4,faceframes\fake\fakevideo917.mp4,1,0,video917
faceframes\real\video918.mp4,faceframes\fake\fakevideo918.mp4,1,0,video918
faceframes\real\video919.mp4,faceframes\fake\fakevideo919.mp4,1,0,video919
faceframes\real\video92.mp4,faceframes\fake\fakevideo92.mp4,1,0,video92
faceframes\real\video920.mp4,faceframes\fake\fakevideo920.mp4,1,0,video920
faceframes\real\video921.mp4,faceframes\fake\fakevideo921.mp4,1,0,video921
faceframes\real\video922.mp4,faceframes\fake\fakevideo922.mp4,1,0,video922
faceframes\real\video923.mp4,faceframes\fake\fakevideo923.mp4,1,0,video923
faceframes\real\video924.mp4,faceframes\fake\fakevideo924.mp4,1,0,video924
faceframes\real\video925.mp4,faceframes\fake\fakevideo925.mp4,1,0,video925
faceframes\real\video926.mp4,faceframes\fake\fakevideo926.mp4,1,0,video926
faceframes\real\video927.mp4,faceframes\fake\fakevideo927.mp4,1,0,video927
faceframes\real\video928.mp4,faceframes\fake\fakevideo928.mp4,1,0,video928
faceframes\real\video929.mp4,faceframes\fake\fakevideo929.mp4,1,0,video929
faceframes\real\video93.mp4,faceframes\fake\fakevideo93.mp4,1,0,video93
faceframes\real\video930.mp4,faceframes\fake\fakevideo930.mp4,1,0,video930
faceframes\real\video931.mp4,faceframes\fake\fakevideo931.mp4,1,0,video931
faceframes\real\video932.mp4,faceframes\fake\fakevideo932.mp4,1,0,video932
faceframes\real\video933.mp4,faceframes\fake\fakevideo933.mp4,1,0,video933
faceframes\real\video934.mp4,faceframes\fake\fakevideo934.mp4,1,0,video934
faceframes\real\video935.mp4,faceframes\fake\fakevideo935.mp4,1,0,video935
faceframes\real\video936.mp4,faceframes\fake\fakevideo936.mp4,1,0,video936
faceframes\real\video937.mp4,faceframes\fake\fakevideo937.mp4,1,0,video937
faceframes\real\video938.mp4,faceframes\fake\fakevideo938.mp4,1,0,video938
faceframes\real\video939.mp4,faceframes\fake\fakevideo939.mp4,1,0,video939
faceframes\real\video94.mp4,faceframes\fake\fakevideo94.mp4,1,0,video94
faceframes\real\video940.mp4,faceframes\fake\fakevideo940.mp4,1,0,video940
faceframes\real\video941.mp4,faceframes\fake\fakevideo941.mp4,1,0,video941
faceframes\real\video942.mp4,faceframes\fake\fakevideo942.mp4,1,0,video942
faceframes\real\video943.mp4,faceframes\fake\fakevideo943.mp4,1,0,video943
faceframes\real\video944.mp4,faceframes\fake\fakevideo944.mp4,1,0,video944
faceframes\real\video945.mp4,faceframes\fake\fakevideo945.mp4,1,0,video945
faceframes\real\video946.mp4,faceframes\fake\fakevideo946.mp4,1,0,video946
faceframes\real\video947.mp4,faceframes\fake\fakevideo947.mp4,1,0,video947
faceframes\real\video948.mp4,faceframes\fake\fakevideo948.mp4,1,0,video948
faceframes\real\video949.mp4,faceframes\fake\fakevideo949.mp4,1,0,video949
faceframes\real\video95.mp4,faceframes\fake\fakevideo95.mp4,1,0,video95
faceframes\real\video950.mp4,faceframes\fake\fakevideo950.mp4,1,0,video950
faceframes\real\video951.mp4,faceframes\fake\fakevideo951.mp4,1,0,video951
faceframes\real\video952.mp4,faceframes\fake\fakevideo952.mp4,1,0,video952
faceframes\real\video953.mp4,faceframes\fake\fakevideo953.mp4,1,0,video953
faceframes\real\video954.mp4,faceframes\fake\fakevideo954.mp4,1,0,video954
faceframes\real\video955.mp4,faceframes\fake\fakevideo955.mp4,1,0,video955
faceframes\real\video956.mp4,faceframes\fake\fakevideo956.mp4,1,0,video956
faceframes\real\video957.mp4,faceframes\fake\fakevideo957.mp4,1,0,video957
faceframes\real\video958.mp4,faceframes\fake\fakevideo958.mp4,1,0,video958
faceframes\real\video959.mp4,faceframes\fake\fakevideo959.mp4,1,0,video959
faceframes\real\video96.mp4,faceframes\fake\fakevideo96.mp4,1,0,video96
faceframes\real\video960.mp4,faceframes\fake\fakevideo960.mp4,1,0,video960
faceframes\real\video961.mp4,faceframes\fake\fakevideo961.mp4,1,0,video961
faceframes\real\video962.mp4,faceframes\fake\fakevideo962.mp4,1,0,video962
faceframes\real\video963.mp4,faceframes\fake\fakevideo963.mp4,1,0,video963
faceframes\real\video964.mp4,faceframes\fake\fakevideo964.mp4,1,0,video964
faceframes\real\video965.mp4,faceframes\fake\fakevideo965.mp4,1,0,video965
faceframes\real\video966.mp4,faceframes\fake\fakevideo966.mp4,1,0,video966
faceframes\real\video967.mp4,faceframes\fake\fakevideo967.mp4,1,0,video967
faceframes\real\video968.mp4,faceframes\fake\fakevideo968.mp4,1,0,video968
faceframes\real\video969.mp4,faceframes\fake\fakevideo969.mp4,1,0,video969
faceframes\real\video97.mp4,faceframes\fake\fakevideo97.mp4,1,0,video97
faceframes\real\video970.mp4,faceframes\fake\fakevideo970.mp4,1,0,video970
faceframes\real\video971.mp4,faceframes\fake\fakevideo971.mp4,1,0,video971
faceframes\real\video972.mp4,faceframes\fake\fakevideo972.mp4,1,0,video972
faceframes\real\video973.mp4,faceframes\fake\fakevideo973.mp4,1,0,video973
faceframes\real\video974.mp4,faceframes\fake\fakevideo974.mp4,1,0,video974
faceframes\real\video975.mp4,faceframes\fake\fakevideo975.mp4,1,0,video975
faceframes\real\video976.mp4,faceframes\fake\fakevideo976.mp4,1,0,video976
faceframes\real\video977.mp4,faceframes\fake\fakevideo977.mp4,1,0,video977
faceframes\real\video978.mp4,faceframes\fake\fakevideo978.mp4,1,0,video978
faceframes\real\video979.mp4,faceframes\fake\fakevideo979.mp4,1,0,video979
faceframes\real\video98.mp4,faceframes\fake\fakevideo98.mp4,1,0,video98
faceframes\real\video980.mp4,faceframes\fake\fakevideo980.mp4,1,0,video980
faceframes\real\video981.mp4,faceframes\fake\fakevideo981.mp4,1,0,video981
faceframes\real\video982.mp4,faceframes\fake\fakevideo982.mp4,1,0,video982
faceframes\real\video983.mp4,faceframes\fake\fakevideo983.mp4,1,0,video983
faceframes\real\video984.mp4,faceframes\fake\fakevideo984.mp4,1,0,video984
faceframes\real\video985.mp4,faceframes\fake\fakevideo985.mp4,1,0,video985
faceframes\real\video986.mp4,faceframes\fake\fakevideo986.mp4,1,0,video986
faceframes\real\video987.mp4,faceframes\fake\fakevideo987.mp4,1,0,video987
faceframes\real\video988.mp4,faceframes\fake\fakevideo988.mp4,1,0,video988
faceframes\real\video989.mp4,faceframes\fake\fakevideo989.mp4,1,0,video989
faceframes\real\video99.mp4,faceframes\fake\fakevideo99.mp4,1,0,video99
faceframes\real\video990.mp4,faceframes\fake\fakevideo990.mp4,1,0,video990
faceframes\real\video991.mp4,faceframes\fake\fakevideo991.mp4,1,0,video991
faceframes\real\video992.mp4,faceframes\fake\fakevideo992.mp4,1,0,video992
faceframes\real\video993.mp4,faceframes\fake\fakevideo993.mp4,1,0,video993
faceframes\real\video994.mp4,faceframes\fake\fakevideo994.mp4,1,0,video994
faceframes\real\video995.mp4,faceframes\fake\fakevideo995.mp4,1,0,video995
faceframes\real\video996.mp4,faceframes\fake\fakevideo996.mp4,1,0,video996
faceframes\real\video997.mp4,faceframes\fake\fakevideo997.mp4,1,0,video997
faceframes\real\video998.mp4,faceframes\fake\fakevideo998.mp4,1,0,video998
faceframes\real\video999.mp4,faceframes\fake\fakevideo999.mp4,1,0,video999
